Kmer,R_38-11Goodman-Buckler,R_A239,R_A441-5,R_A556,R_A632,R_A634,R_A635,R_A659,R_A680,R_A682,R_B10,R_B103,R_B105,R_B109,R_B14A,R_B164,R_B37,R_B46,R_B52,R_B57,R_B73,R_C103,R_C123,R_CH701-30,R_CH9,R_CI21E,R_CI28AGoodman-Buckler,R_CI31A,R_CI3A,R_Ci90CGoodman-Buckler,R_Ci91BGoodman-Buckler,R_CM105,R_CO125,R_CO255,R_DE1,R_DE811,R_H49,R_H84,R_H91,R_H95,R_ILLHy,R_M14,R_Mo17,R_Mo46,R_MoG,R_Mt42,R_N28Ht,R_N6,R_NC250,R_NC262,R_ND246,R_R168,R_R177,R_R4,R_SC357,R_SD40,R_T232,R_Tzi16,R_VA102,R_Va17,R_Va35,R_Va59,R_Va99,R_W117Ht,R_W153R,R_W182B,R_W22,R_Yu796,W_33-16,W_4722,W_A188,W_A214NGoodman-Buckler,W_A6,W_A619,W_A641,W_A661,W_C49A,W_CI64,W_CI66,W_Ci7Goodman-Buckler,W_CM37,W_CM7,W_CML247,W_CML254,W_CML264,W_CML277,W_CML287,W_CML38,W_CML52,W_CMV3,W_CO106,W_D940Y,W_E2558W,W_EP1,W_F2834T,W_F6,W_F7,W_GA209,W_GT112,W_H105W,W_H99,W_HP301,W_I137TN,W_IA2132Goodman-Buckler,W_Ia5125,W_Il101,W_K148,W_Ki14,W_Ki21,W_Ki43,W_Ki44,W_KY226,W_MEF156-55-2,W_Mo18W,W_MO1W,W_Mo45,W_Mo47,W_Mp339,W_MS1334,W_MS153,W_NC258,W_NC264,W_Oh40B,W_Oh43E,W_Oh603,W_Pa762,W_Pa875,W_Pa880,W_R229,W_SC213R,W_SC55,W_T234,W_T8,W_Tx601,W_Tzi10,W_Tzi11,W_Tzi18,W_Tzi25,W_Tzi9,W_U267Y,W_Va22,W_Va85,W_VaW6
AAAGCATGAATCAGTGCGTCGAACT,12,12,25,29,13,27,17,19,23,29,16,7,17,33,32,6,21,20,21,11,21,15,19,19,11,13,29,21,11,21,33,1,19,26,28,12,24,27,23,12,23,28,16,20,18,15,27,20,16,25,18,17,16,13,6,12,12,17,29,45,22,15,19,14,13,53,26,17,0,0,0,0,12,0,0,3,0,0,0,0,0,0,0,0,0,0,0,0,0,0,0,0,0,0,0,0,0,0,0,0,0,0,0,0,0,0,0,0,0,0,0,0,0,0,0,0,0,0,0,0,1,0,0,0,0,0,0,0,0,0,0,0,0,0,0,0,0,0,0,0,0,0,0
AAAGTTCGACGCACTGATTCATGCT,12,12,25,29,13,24,18,20,25,29,16,7,17,34,34,6,21,20,21,11,20,15,18,19,11,13,29,21,11,19,36,1,19,27,28,12,22,27,23,11,23,27,16,23,18,17,27,20,17,25,16,17,16,13,6,13,12,18,29,44,22,16,19,14,13,53,26,17,0,0,0,0,12,0,0,3,0,0,0,0,0,0,0,0,0,0,0,0,0,0,0,0,0,0,0,0,0,0,0,0,0,0,0,0,0,0,0,0,0,0,0,0,0,0,0,0,0,0,0,0,1,0,0,0,0,0,0,0,0,0,0,0,0,0,0,0,0,0,0,0,0,0,0
AAGCATGAATCAGTGCGTCGAACTT,12,12,25,29,13,24,17,20,23,29,16,7,17,34,34,6,21,20,21,11,20,15,19,19,11,13,29,21,11,21,36,1,19,26,28,12,24,27,23,12,23,27,16,23,18,16,27,20,17,25,16,17,16,13,6,13,12,17,29,45,22,15,19,14,13,54,26,17,0,0,0,0,12,0,0,3,0,0,0,0,0,0,0,0,0,0,0,0,0,0,0,0,0,0,0,0,0,0,0,0,0,0,0,0,0,0,0,0,0,0,0,0,0,0,0,0,0,0,0,0,1,0,0,0,0,0,0,0,0,0,0,0,0,0,0,0,0,0,0,0,0,0,0
AATCAGTGCGTCGAACTTTCACTGC,12,13,23,32,14,22,14,18,22,29,15,6,11,35,34,7,19,18,19,11,20,14,20,20,11,13,27,19,13,26,36,3,18,25,28,12,27,26,22,14,25,29,18,26,18,20,27,21,17,22,16,17,16,15,5,12,12,19,27,43,20,18,16,14,14,54,28,17,0,0,0,0,11,0,0,3,0,0,0,0,0,0,0,0,0,0,0,0,0,0,0,0,0,0,0,0,0,0,0,0,0,0,0,0,0,0,0,0,1,0,0,0,0,0,0,0,0,0,0,0,1,0,0,0,0,0,0,0,0,0,0,0,0,0,0,0,0,0,0,0,0,0,0
ACGCACTGATTCATGCTTTCACAGC,14,11,25,29,13,30,16,19,22,31,18,8,17,38,31,6,24,22,16,11,21,13,19,19,11,10,29,21,10,21,35,1,19,27,27,12,25,26,21,12,24,28,18,20,15,18,27,20,14,27,19,18,16,13,6,11,12,17,29,44,23,16,16,16,14,49,26,14,0,0,0,0,12,0,0,3,0,0,0,0,0,0,0,0,0,0,0,0,0,0,0,0,0,0,0,0,0,0,0,0,0,0,0,0,0,0,0,0,0,0,0,0,0,0,0,0,0,0,0,0,1,0,0,0,0,0,0,0,0,0,0,0,0,0,0,0,0,0,0,0,0,0,0
AGAGCAGTGAAAGTTCGACGCACTG,12,15,24,34,14,22,14,18,22,29,15,6,11,35,34,7,19,18,19,11,20,14,20,20,11,11,27,17,13,26,32,3,18,24,28,12,27,26,22,14,25,28,18,26,15,18,29,20,17,23,18,17,17,15,5,12,12,18,26,43,20,19,16,14,16,56,26,17,0,0,0,0,11,0,0,3,0,0,0,0,0,0,0,0,0,0,0,0,0,0,0,0,0,0,0,0,0,0,0,0,0,0,0,0,0,0,0,0,1,0,0,0,0,0,0,0,0,0,0,0,0,0,0,0,0,0,0,0,0,0,0,0,0,0,0,0,0,0,0,0,0,0,0
AGCAGAGCAGTGAAAGTTCGACGCA,12,15,22,32,13,22,14,18,23,29,14,6,8,34,35,7,18,18,19,10,22,15,19,22,11,13,25,17,11,26,32,3,18,22,27,12,29,27,21,13,24,28,18,24,15,17,27,20,17,25,18,19,16,15,5,12,10,18,23,44,18,19,17,14,14,54,28,18,0,0,0,0,11,0,0,3,0,0,0,0,0,0,0,0,0,0,0,0,0,0,0,0,0,0,0,0,0,0,0,0,0,0,0,0,0,0,0,0,1,0,0,0,0,0,0,0,0,0,0,0,0,0,0,0,0,0,0,0,0,0,0,0,0,0,0,0,0,0,0,0,0,0,0
AGCAGTGAAAGTTCGACGCACTGAT,12,15,24,34,14,22,14,18,22,29,15,6,11,35,34,7,19,18,19,11,20,14,20,20,11,13,27,17,13,26,35,3,18,25,28,12,27,24,22,13,25,29,18,26,17,20,27,20,17,22,18,17,17,15,5,12,12,19,27,43,20,18,16,14,14,54,28,17,0,0,0,0,11,0,0,3,0,0,0,0,0,0,0,0,0,0,0,0,0,0,0,0,0,0,0,0,0,0,0,0,0,0,0,0,0,0,0,0,1,0,0,0,0,0,0,0,0,0,0,0,1,0,0,0,0,0,0,0,0,0,0,0,0,0,0,0,0,0,0,0,0,0,0
AGTGAAAGTTCGACGCACTGATTCA,12,12,23,32,14,23,18,20,22,29,15,6,11,35,34,7,20,20,21,11,20,14,19,20,11,13,29,21,11,21,36,1,18,26,27,12,28,26,23,13,25,29,16,24,18,19,29,21,17,23,16,17,16,13,5,13,12,17,26,40,20,18,16,14,13,54,28,17,0,0,0,0,12,0,0,3,0,0,0,0,0,0,0,0,0,0,0,0,0,0,0,0,0,0,0,0,0,0,0,0,0,0,0,0,0,0,0,0,1,0,0,0,0,0,0,0,0,0,0,0,1,0,0,0,0,0,0,0,0,0,0,0,0,0,0,0,0,0,0,0,0,0,0
AGTGCGTCGAACTTTCACTGCTCTG,12,15,23,34,14,22,14,18,22,29,15,6,11,35,34,7,19,18,19,10,23,14,20,22,11,13,27,17,11,26,32,3,18,24,28,12,29,26,21,14,25,28,18,24,15,17,29,19,18,23,18,18,17,15,5,12,12,19,23,45,18,19,15,14,16,54,26,18,0,0,0,0,11,0,0,3,0,0,0,0,0,0,0,0,0,0,0,0,0,0,0,0,0,0,0,0,0,0,0,0,0,0,0,0,0,0,0,0,1,0,0,0,0,0,0,0,0,0,0,0,0,0,0,0,0,0,0,0,0,0,0,0,0,0,0,0,0,0,0,0,0,0,0
ATGAATCAGTGCGTCGAACTTTCAC,13,12,23,31,13,23,18,20,22,29,16,6,17,35,34,7,21,22,21,11,20,14,19,22,11,13,29,21,11,19,36,1,19,26,28,12,24,27,23,12,25,27,15,24,18,18,29,21,17,24,16,15,16,13,5,13,13,17,26,44,22,18,16,14,13,54,26,17,0,0,0,0,12,0,0,3,0,0,0,0,0,0,0,0,0,0,0,0,0,0,0,0,0,0,0,0,0,0,0,0,0,0,0,0,0,0,0,0,1,0,0,0,0,0,0,0,0,0,0,0,1,0,0,0,0,0,0,0,0,0,0,0,0,0,0,0,0,0,0,0,0,0,0
CAGTGAAAGTTCGACGCACTGATTC,12,13,23,32,13,22,16,19,22,29,15,6,11,35,34,7,19,18,19,11,20,14,20,20,11,13,29,19,13,26,36,3,18,26,27,12,28,26,22,13,25,29,18,26,18,19,27,20,17,23,16,17,16,13,5,12,12,17,26,40,20,18,16,14,13,54,28,17,0,0,0,0,11,0,0,3,0,0,0,0,0,0,0,0,0,0,0,0,0,0,0,0,0,0,0,0,0,0,0,0,0,0,0,0,0,0,0,0,1,0,0,0,0,0,0,0,0,0,0,0,1,0,0,0,0,0,0,0,0,0,0,0,0,0,0,0,0,0,0,0,0,0,0
CATGAATCAGTGCGTCGAACTTTCA,13,12,24,31,13,24,18,20,24,29,16,6,17,35,34,6,21,22,21,11,20,15,19,20,11,13,29,21,11,19,36,1,18,27,28,12,25,27,23,12,23,27,15,24,18,18,29,21,16,25,16,15,16,13,6,13,13,17,27,44,21,16,16,14,13,53,26,17,0,0,0,0,12,0,0,3,0,0,0,0,0,0,0,0,0,0,0,0,0,0,0,0,0,0,0,0,0,0,0,0,0,0,0,0,0,0,0,0,1,0,0,0,0,0,0,0,0,0,0,0,1,0,0,0,0,0,0,0,0,0,0,0,0,0,0,0,0,0,0,0,0,0,0
CCTAGCAGAGCAGTGAAAGTTCGAC,14,15,21,32,13,23,14,14,25,29,14,6,6,34,35,9,19,18,19,10,22,15,20,20,11,14,25,16,11,26,32,3,17,21,26,12,28,24,20,12,24,27,18,21,15,17,27,20,16,27,18,19,17,16,5,12,10,18,23,44,17,20,16,14,14,58,26,18,0,0,0,0,11,0,0,3,0,0,0,0,0,0,0,0,0,0,0,0,0,0,0,0,0,0,0,0,0,0,0,0,0,0,0,0,0,0,0,0,1,0,0,0,0,0,0,0,0,0,0,0,0,0,0,0,0,0,0,0,0,0,0,0,0,0,0,0,0,0,0,0,0,0,0
CGACGCACTGATTCATGCTTTCACA,13,12,25,29,13,27,16,19,23,31,18,8,17,38,31,6,24,20,16,11,22,14,19,19,11,10,29,21,11,21,35,1,19,27,27,12,26,23,22,12,24,28,18,20,15,17,27,21,16,27,19,17,17,13,6,12,12,18,29,45,20,16,16,16,14,47,26,18,0,0,0,0,12,0,0,3,0,0,0,0,0,0,0,0,0,0,0,0,0,0,0,0,0,0,0,0,0,0,0,0,0,0,0,0,0,0,0,0,0,0,0,0,0,0,0,0,0,0,0,0,1,0,0,0,0,0,0,0,0,0,0,0,0,0,0,0,0,0,0,0,0,0,0
CGTCGAACTTTCACTGCTCTGCTAG,14,15,22,32,13,23,14,16,25,29,14,6,7,34,35,9,18,18,19,10,22,15,19,20,11,13,25,17,11,26,33,3,18,21,27,12,28,23,21,13,24,27,18,23,15,16,25,20,17,27,18,19,17,15,5,12,10,18,23,44,17,19,17,14,14,54,26,20,0,0,0,0,11,0,0,3,0,0,0,0,0,0,0,0,0,0,0,0,0,0,0,0,0,0,0,0,0,0,0,0,0,0,0,0,0,0,0,0,1,0,0,0,0,0,0,0,0,0,0,0,0,0,0,0,0,0,0,0,0,0,0,0,0,0,0,0,0,0,0,0,0,0,0
CTGTGAAAGCATGAATCAGTGCGTC,13,12,25,29,13,29,16,19,22,31,18,8,17,38,31,6,24,22,16,11,21,14,19,19,11,10,29,21,11,21,35,1,19,27,27,12,26,24,21,11,24,28,18,20,15,18,27,20,14,27,19,18,17,13,6,10,12,18,29,45,23,16,16,16,14,49,26,18,0,0,0,0,12,0,0,3,0,0,0,0,0,0,0,0,0,0,0,0,0,0,0,0,0,0,0,0,0,0,0,0,0,0,0,0,0,0,0,0,0,0,0,0,0,0,0,0,0,0,0,0,1,0,0,0,0,0,0,0,0,0,0,0,0,0,0,0,0,0,0,0,0,0,0
GAAAGCATGAATCAGTGCGTCGAAC,12,12,25,29,13,27,17,20,23,30,16,7,17,33,32,6,21,20,21,11,21,15,19,19,11,10,29,22,11,21,33,1,19,26,28,12,25,28,23,12,23,28,16,20,15,15,27,20,14,25,18,17,16,13,6,12,12,17,29,45,21,16,18,14,13,51,26,18,0,0,0,0,12,0,0,3,0,0,0,0,0,0,0,0,0,0,0,0,0,0,0,0,0,0,0,0,0,0,0,0,0,0,0,0,0,0,0,0,0,0,0,0,0,0,0,0,0,0,0,0,1,0,0,0,0,0,0,0,0,0,0,0,0,0,0,0,0,0,0,0,0,0,0
GAAAGTTCGACGCACTGATTCATGC,12,12,24,31,13,24,18,20,24,29,17,7,17,35,34,6,21,22,21,11,20,15,18,20,11,13,29,21,11,19,36,1,19,27,28,12,24,27,23,12,23,27,16,24,18,17,27,21,16,25,16,17,16,13,6,13,12,18,29,44,22,16,19,14,13,53,26,17,0,0,0,0,12,0,0,3,0,0,0,0,0,0,0,0,0,0,0,0,0,0,0,0,0,0,0,0,0,0,0,0,0,0,0,0,0,0,0,0,1,0,0,0,0,0,0,0,0,0,0,0,1,0,0,0,0,0,0,0,0,0,0,0,0,0,0,0,0,0,0,0,0,0,0
GAGCAGTGAAAGTTCGACGCACTGA,12,15,24,34,14,22,14,18,22,29,15,6,11,35,34,7,19,18,19,11,19,15,20,20,11,11,25,17,13,26,35,3,18,25,28,12,27,24,22,13,25,29,18,26,15,19,27,20,17,22,18,17,17,15,5,12,12,18,27,43,20,18,16,14,14,56,26,17,0,0,0,0,11,0,0,3,0,0,0,0,0,0,0,0,0,0,0,0,0,0,0,0,0,0,0,0,0,0,0,0,0,0,0,0,0,0,0,0,1,0,0,0,0,0,0,0,0,0,0,0,1,0,0,0,0,0,0,0,0,0,0,0,0,0,0,0,0,0,0,0,0,0,0
GCAGAGCAGTGAAAGTTCGACGCAC,12,15,23,34,14,22,14,18,22,29,15,6,10,34,34,7,18,18,19,10,23,15,20,22,11,13,27,17,11,26,32,3,18,24,28,12,29,27,21,13,25,28,18,24,15,17,29,20,17,23,18,19,16,15,5,12,12,19,24,45,18,19,17,14,14,54,28,18,0,0,0,0,11,0,0,3,0,0,0,0,0,0,0,0,0,0,0,0,0,0,0,0,0,0,0,0,0,0,0,0,0,0,0,0,0,0,0,0,1,0,0,0,0,0,0,0,0,0,0,0,0,0,0,0,0,0,0,0,0,0,0,0,0,0,0,0,0,0,0,0,0,0,0
GCCTAGCAGAGCAGTGAAAGTTCGA,14,15,21,32,13,23,14,11,25,29,14,7,6,34,34,9,16,18,19,10,22,15,19,20,11,14,25,16,10,26,32,3,17,20,27,12,28,23,20,12,24,27,16,18,15,17,27,20,16,27,18,19,17,14,5,12,10,18,24,44,17,20,17,14,14,56,26,20,0,0,0,0,11,0,0,3,0,0,0,0,0,0,0,0,0,0,0,0,0,0,0,0,0,0,0,0,0,0,0,0,0,0,0,0,0,0,0,0,1,0,0,0,0,0,0,0,0,0,0,0,0,0,0,0,0,0,0,0,0,0,0,0,0,0,0,0,0,0,0,0,0,0,0
GCGTCGAACTTTCACTGCTCTGCTA,13,15,22,32,13,24,14,16,24,29,14,6,8,34,36,9,18,18,19,10,22,15,19,20,11,13,25,17,11,26,32,3,18,22,27,12,28,23,21,13,24,27,18,23,15,17,25,19,17,25,18,19,17,15,5,12,10,18,23,44,17,19,17,14,14,58,26,20,0,0,0,0,11,0,0,3,0,0,0,0,0,0,0,0,0,0,0,0,0,0,0,0,0,0,0,0,0,0,0,0,0,0,0,0,0,0,0,0,1,0,0,0,0,0,0,0,0,0,0,0,0,0,0,0,0,0,0,0,0,0,0,0,0,0,0,0,0,0,0,0,0,0,0
GTGAAAGCATGAATCAGTGCGTCGA,12,12,25,29,13,27,16,20,23,31,17,7,17,37,31,6,21,20,16,11,22,14,19,19,11,10,29,21,11,21,33,1,19,27,27,12,25,23,23,12,23,28,18,20,15,17,27,21,14,25,18,17,17,13,6,12,12,17,29,45,20,16,16,14,14,47,26,18,0,0,0,0,12,0,0,3,0,0,0,0,0,0,0,0,0,0,0,0,0,0,0,0,0,0,0,0,0,0,0,0,0,0,0,0,0,0,0,0,0,0,0,0,0,0,0,0,0,0,0,0,1,0,0,0,0,0,0,0,0,0,0,0,0,0,0,0,0,0,0,0,0,0,0
TGAAAGCATGAATCAGTGCGTCGAA,12,12,25,29,13,27,17,20,23,31,17,7,17,35,32,6,21,20,19,11,22,15,19,19,11,10,29,19,11,21,33,1,19,27,27,12,25,28,23,12,23,28,16,20,15,15,27,21,14,25,18,17,17,13,6,12,12,17,29,45,21,16,20,14,14,51,26,18,0,0,0,0,12,0,0,3,0,0,0,0,0,0,0,0,0,0,0,0,0,0,0,0,0,0,0,0,0,0,0,0,0,0,0,0,0,0,0,0,0,0,0,0,0,0,0,0,0,0,0,0,1,0,0,0,0,0,0,0,0,0,0,0,0,0,0,0,0,0,0,0,0,0,0